name,subreddit_tag
Libertarian,Libertarian
Anarchism,Anarchism
Socialism,socialism
Progressive,progressive
Conservative,Conservative
American Pirate Party,americanpirateparty
Democrats,democrats
Liberal,Liberal
Republican,Republican
Libertarian Left,LibertarianLeft
Liberty,Liberty
Anarcho Capitalism,Anarcho_Capitalism
All the Left,alltheleft
Neo-Progressives,neoprogs
Voluntarism,voluntarism
Labor,labor
Black Flag,blackflag
Green Party,GreenParty
Democracy,democracy
International Workers of the World,IWW
Pirate Party,PirateParty
Marxism,Marxism
Objectivism,Objectivism
Libertarian Socialism,LibertarianSocialism
Capitalism,Capitalism
Anarchist,Anarchist
Feminisms,feminisms
Republicans,republicans
Egalitarianism,Egalitarianism
AnarchaFeminism,anarchafeminism
Communist,Communist
Social Democracy,SocialDemocracy
Post Left Anarchism,Postleftanarchism
Radical Feminism,RadicalFeminism
Anarcho Pacifism,AnarchoPacifism
Conservatives,conservatives
Republicanism,republicanism