id,subreddit,title,author,url,selftext,score,num_comments,created_utc
hzj2r2,climateskeptics,"New evidence that an extraterrestrial collision 12,800 years ago triggered an abrupt climate change for Earth",logicalprogressive,https://wattsupwiththat.com/2020/07/27/new-evidence-that-an-extraterrestrial-collision-12800-years-ago-triggered-an-abrupt-climate-change-for-earth/,,14,1,1595957868.0
4e6zis,climateskeptics,Mad Climate Scientist Goes Full Dr. Strangeglove - H-Bombs Can Halt Abrupt Climate Change,Kim147,https://www.youtube.com/watch?v=EP5J3NFUjiw,,13,3,1460313794.0
wu83wx,climateskeptics,Abrupt Climatic Change. Evidence and Implications,LackmustestTester,https://i.redd.it/bg5mkqckc4j91.png,,1,3,1661110464.0
y77b0,climateskeptics,"Earth's Climate Follows The Sun's UV Groove | ""Let me emphasize the research paper's central conclusion: ‚Äúchanges in atmospheric circulation amplified the solar signal and caused abrupt climate change.‚Äù""",publius_lxxii,http://theresilientearth.com/?q=content/earths-climate-follows-suns-uv-groove,,9,0,1344948440.0
ybai1,climateskeptics,Abrupt climate change,JRugman,http://en.wikipedia.org/wiki/Abrupt_climate_change,,0,1,1345110853.0
1vtzig,climateskeptics,Who knew? Plants are ‚Äòheavy water‚Äô rain gauges- The water cycle amplifies abrupt climate change The role of the hydrological cycle during abrupt temperature changes is of prime importance for the actual impact of climate change on the continents.,Amused_,http://wattsupwiththat.com/2014/01/20/who-knew-plants-are-heavy-water-rain-gauges/,,6,0,1390371087.0
ktdcm3,climateskeptics,Climate change - Abrupt climate changes in Earth history,greyfalcon333,https://www.britannica.com/science/climate-change/Abrupt-climate-changes-in-Earth-history,,1,0,1610144567.0
6kohmc,climateskeptics,I have been trying to point out the insanity of the climate change left for so long that gathered quite a few good points. Here's a few of them for reference.,Runner_one,https://www.reddit.com/r/climateskeptics/comments/6kohmc/i_have_been_trying_to_point_out_the_insanity_of/,"The Earth has never been this warm. Wrong.

http://www.co2science.org/articles/V16/N50/EDIT.php

Temperature has never changed this fast. Wrong.

[The Younger Dryas](https://www.ncdc.noaa.gov/abrupt-climate-change/The%20Younger%20Dryas) *he end of the Younger Dryas, about 11,500 years ago, was particularly abrupt. In Greenland, temperatures rose 10¬∞C (18¬∞F) in a decade*

[8.2 kiloyear event](https://en.wikipedia.org/wiki/8.2_kiloyear_event). 

There's two times it's changed faster in the last 12k years.

Polar bears dying off. Oops, once again wrong. 

http://dailycaller.com/2016/12/22/polar-bear-population-is-rising-despite-green-fears/

https://polarbearscience.com/2017/02/23/global-polar-bear-population-larger-than-previous-thought-almost-30000/

So global warming will cause food shortages. Oops wrong again.

http://english.chinatibetnews.com/hb/News/201507/t20150713_693852.html

http://www.climatecentral.org/news/study-finds-plant-growth-surges-as-co2-levels-rise-16094

So global warming will result in more desertification as temperatures rise. Nope, wrong.

http://news.nationalgeographic.com/news/2009/07/090731-green-sahara.html

https://www.newscientist.com/article/dn2811-africas-deserts-are-in-spectacular-retreat/

https://wattsupwiththat.com/2017/05/30/good-news-africa-has-become-greener-in-the-last-20-years/

Ocean acidification is already wrecking havoc to the reefs.

Sorry, wrong. The reefs are changing but they are not dying out.

http://www.bbc.com/earth/story/20140916-the-corals-that-come-back-from-the-dead

http://www.npr.org/2012/07/06/156289552/dead-reefs-can-come-back-to-life-study-says

We will have more hurricanes. Nope.

http://www.livescience.com/50704-hurricane-drought.html

Coastal areas will flood.  Not happening.

The mean sea level has not appreciably changed in the last 130 years, and at current melt rates it would take 300,000 years for Antarctica to melt. https://wattsupwiththat.com/2010/05/01/if-sea-level-was-rising-wouldnt-someone-have-noticed/

http://science.sciencemag.org/content/351/6274/699

The increase in Co2 is will kill us.

Basic high school botany indicates just the opposite.  Even NASA has been forced to agree that the [earth is actually getting greener](https://climate.nasa.gov/news/2436/co2-is-making-earth-greenerfor-now/).  Of course they had to add the ever present ""For Now""  And then they add ""The beneficial impacts of carbon dioxide on plants may be limited,""  MAY BE, so they actually don't know and are expecting the worse. 

And just to show how wrong the doom and gloom crowd is.

Just two years ago these were the headlines:

https://www.wired.com/2016/05/thanks-el-nino-californias-drought-probably-forever/ 

https://ww2.kqed.org/science/2016/08/24/why-californias-current-drought-is-different-than-the-past/

https://www.nytimes.com/2016/05/10/us/california-drought-water-restrictions-permanent.html

Now look at the headlines:

https://www.nytimes.com/2017/04/07/us/california-drought.html

https://wattsupwiththat.com/2017/04/08/what-permanent-drought-california-governor-officially-declares-end-to-drought-emergency/


https://wattsupwiththat.com/2017/02/11/lessons-learned-from-the-end-of-californias-permanent-drought/

http://www.nbcnews.com/news/us-news/drought-over-water-s-dramatic-return-california-n745841

Always they are wrong with their predictions, so why should we put any trust in them?

Here are just a few more.

Mar 29, 2001:  In ten years Tuvalu's nine islands in the South Pacific Ocean will be submerged under water. *Director of the UN Environment Program*.

Oops wrong. 

http://news.nationalgeographic.com/2015/02/150213-tuvalu-sopoaga-kench-kiribati-maldives-cyclone-marshall-islands/


Princeton professor and lead UN IPCC author Michael Oppenheimer said the following in 1990: By 1995,the greenhouse effect will desolating the heartlands of North America and Eurasia with horrific drought, causing crop failures and food riots. By 1996 the Platte River of Nebraska will be dry, while a continent-wide black blizzard of prairie topsoil will stop traffic on interstates, strip paint from houses and shut down computers. The situation will so bad that Mexican police will round up illegal American migrants surging into Mexico seeking work as field hands... WOW, can we say WRONG!!!!!

Within a few years winter snowfall will become a very rare and exciting even. Children just aren't going to know what snow is. Dr David Viner, Senior research scientist at the climatic research unit (CRU) of the University of East Anglia - Mar 20, 2000.... WRONG! The National Operational Hydrologic Remote Sensing Center data showed U.S. snow cover on the morning of Dec. 1, 2015 is the highest on record for this day of the year. In all, 38.7 percent of the United States was covered in snow, surpassing the previous record ‚Äî 36.5 percent ‚Äî set in 2006. Worldwide, similar trends have been observed. Global Snow Lab data also shows Eurasian autumn snow cover has grown by 50 percent since records began in 1979.

In New York City by 2008, the West Side Highway which runs along the Hudson River will be under water.  James Hansen testimony before Congress in June 1988

Environmental refugees to top 50 million in 5 years. UNU-EHS Director Janos Bogardi. - United Nations University news release - October 11, 2005


Wrong, wrong, wrong, always they are wrong with their predictions.",132,99,1498932555.0
g92zos,climateskeptics,Tipping Points and Climate Change,LackmustestTester,https://www.reddit.com/r/climateskeptics/comments/g92zos/tipping_points_and_climate_change/,"The notion of climate system tipping points was used for the first time by Professor Hans **Joachim Schellnhuber**, an internationally renowned climate scientist and founder of the **Potsdam Institute for Climate Impact Research**, in an interview with BBC reporter Alex Kirby at the **2004** European Open Science Forum in Stockholm

[Metaphor Between Science and the Media, 2018](https://www.tandfonline.com/doi/full/10.1080/17524032.2017.1410198).

> Since 2005, the tipping point metaphor has been used deliberately by climate scientists to convey a warning that abrupt, irreversible and dangerous climate change is imminent. **The metaphor was picked up by the news media (prior to the publication of the scientific articles)** and developed into a commonly used metaphor about **possible, grave dangers of on-going climate change**. Here, we observe that the tipping point metaphor functions as a deliberate boundary object between science and the news media on climate change, on the one hand guiding the conceptual development within the sciences and on the other facilitating **communication of abrupt climate change across the sciences and lay audiences**.

> The tipping point phrase represents a less common example of how metaphors generally travel between the sciences and news media. **Typically, metaphors between science and the public domain start their journey as new terms in developing scientific theory**, and may then be taken up as pedagogical tools to communicate complex phenomena to the public (Deignan, Littlemore, & Semino, 2014, p. 99). The tipping point metaphor is an example of the less common reverse journey, **beginning as a rhetorical device to communicate the dangers of abrupt climate change to the public (in 2005‚Äì2007) and then developing into a theory-constitutive metaphor in the climate sciences (2007 onwards)**. While the exegetical function of the metaphor aims at explaining the underlying process to others, in the theory-constitutive phase, **the metaphor starts shaping a subdomain of climate science.**

> Mapping the tipping point phrase in the climate change debate hence reveals a wide range of crucial target domain implications and questions for both scientists, journalists, decision-makers and the general public. [...] By explicating the complex ways in which the tipping point phrase in the climate change debate draws upon these metaphorical possibilities, we hope our article can help both scientists and journalists in managing their language use in important public debates.

[ESD Reviews: mechanisms, evidence, and impacts of climate tipping elements, 2020](https://www.earth-syst-dynam-discuss.net/esd-2020-16/esd-2020-16.pdf), Wang and Hausfather

> Overall,  our  synthesis  highlights  that  tipping  elements  will  play  a  climatically  significant  role over  the  course  of  the  21stcentury, but that the **possibility of a ‚Äútipping point cascade‚Äù driving a couple or more degrees of additional warming over the next century remains unlikely.**

What we have in terms of real knowledge growth since then is practically zero, despite all the effort.  In 2020, 15 years later, they are still described as the great [""unknowns""](https://www.pnas.org/content/115/33/8252). ""It remains unlikely"" is a nice way of saying science fiction in science.",9,7,1588001830.0
9o6igx,climateskeptics,Getting my argument with climate change believers down to a more concise response.,Runner_one,https://www.reddit.com/r/climateskeptics/comments/9o6igx/getting_my_argument_with_climate_change_believers/,"I have been arguing with the **true believers** for some time now. I posted a commentary here some months ago that brought the haters out of the woodwork. 

But since that time I have been accused of posting a wall of text or drowning people with [gish-gallop](https://speakingofresearch.com/2012/09/11/gish-gallop/). 

Even though the reasons for my own climate skepticism is the overwhelming amount of data to the contrary, i has become clear that hitting climate change believers with too much data simply overwhelms their fragile psyche. Often, by their responses, it is clear that they do not, or can not, read and comprehend when presented with so much data. So I have attempted to narrow my argument somewhat. I try to focus on the most oblivious failed predictions, focus my response to their fears, (if they so indicate), and most outrageous lies.
 
I don't know if it works, but if I can persuade just one person to dig deeper, I think the effort is worth it. 

Below is copy pasta of my most recent response to a [snarky response](https://www.reddit.com/r/worldnews/comments/9o2keb/polar_bears_could_face_extinction_as_emergency/e7rlxv9/)  to one of my comments. It's still a little long, but I try to make my point, I doubt it will make any difference but hope springs eternal.  

What do you think, how can we appeal to their logic? What other suggestions do you have to, at least, get them to pay attention to your argument?  


-------------------------------Copy Pasta--------------------

I really do not see how anyone with a reasonable level of open mindedness can still believe this. For over a hundred years the doomsayers have been promising death and destruction, yet for that same hundred years quality of life has improved for the vast majority of civilized mankind.  

Look at just a few of the quotes from the past 100 years: 

""Human race will have to fight for its existence against cold."" Los Angles Times 1912, ""Hundreds of millions of people are going to starve to death."" Paul Ehrlich 1968, ""100-200 million people per year will be starving to death during the next ten years."" Paul Ehrlich 1970, ""A billion people starving."" Fortune Magazine 1974, ""Mass deaths by starvation."" New York Times  1974, ""Entire nations wiped off the face of the Earth by rising sea levels if the global warming trend is not reversed by the year 2000."" Noel Brown, director of NEP 1989. 

And then there is [this gold one from 2016: Guy McPherson, author of Going Dark, has predicted the extinction of human beings, by the middle of 2026.](https://www.straight.com/news/868051/could-abrupt-climate-change-lead-human-extinction-within-10-20-years).

I could go on for days. The **experts** have been saying that millions are going to die! It has always been a message designed to play on people's fears. 

Humans are going to be fine, oh we may have to make a few adaptations, but humans are the most adaptable species on the planet, except for maybe cockroaches. 

Dealing with climate change has been a fact of life on this planet since before the first living organisms crawled out of the muck. It has been observed since the dawn of science that species who cannot adapt invariably go extinct. 

Instead of wasting our time fighting over imagined control of something that has been going on without us for millions if not billions of years, we should put our energy in to adapting.

I also don't worry about the economical impact, if anything there should be even more jobs to be had as we adapt to the changes. And worry over conflicts and wars caused by climate change is somewhat of a non-sequitur.  Conflicts and wars have always been, and will always be a part of mankind's existence.

Sure some species my not adapt and go extinct. Guess what; species go extinct all the time, as much as [99.9%  of all species that have existed on Earth are now extinct](https://www.pbs.org/wgbh/evolution/extinction/massext/statement_03.html).

As species that can not adapt go extinct, other species will move up the chain to take their place. And new species will come into existence as subspecies continue to evolve and become distinct species.

Stop worrying so much, get out and live life.

",23,18,1539552211.0
p06ky4,climateskeptics,"According to the author of Ice Age Re-Entry, the IPCC has dismissed Volcanism, Solar Activity and the Little Ice Age in it's risk assessments",D491234,https://www.reddit.com/r/climateskeptics/comments/p06ky4/according_to_the_author_of_ice_age_reentry_the/,"From page 87 to 89 of Ice Age Re-Entry

>**The IPCC Dismissed or Ignored Volcanism, Solar Activity, Rapid Climate Change, and the Little Ice Age in Its Risk Assessments**  
>  
>The purpose of this section is to help you understand that major climate risks have been ignored, downplayed, or dismissed by the IPCC in the climate assessment reports it has provided to governments since 1990. The citations provided below show you exactly where to look in the IPCC‚Äôs 1,000‚Äì1,500 page documents, so you may see firsthand exactly what they ignored, downplayed, or dismissed. Given the fact that governments have almost unanimously endorsed the IPCC‚Äôs climate change science and risk assessments, there are consequences to these omissions‚Äîomissions that have left *our global society blind to the full scope of climate and solar activity-related risks.*  
>  
>The IPCC tell us that they have only assessed risks that represent severe impacts relevant to Article 2 of the United Nations Framework Convention on Climate Change. Article 2 concentrates the IPCC‚Äôs focus on dangerous human interference with the climate system. That is to say, the IPCC ignores or dismisses the climate risks attributable to nature. Article 2 has among its objectives the stabilization of greenhouse gases, while ensuring global food production and sustainable economic development.  
>  
>The IPCC predicts, with a high confidence, flooding due to sea level rise and increased storm surges. We are told that flooding, drought, and rain extremes will increase the risk of food insecurity, which will vary geographically. Drought is expected to impact water availability, with consequences on food production, water security, and on the survival of populations living in drought areas.  
>  
>We are told that the displacement of people will increase, as will the risk of violent conflicts. The IPCC informs us of the likely loss of, or damage to, coastal ecosystems due to sea level rise and ocean acidification, which will lead to species extinctions and reduced biodiversity.  
>  
>The IPCC also tells us that the global risks will vary depending on the level of greenhouse gas emissions reached. Higher emissions are expected to exacerbate all risks identified, especially species extinctions, global food security, and normal human activities. We are told that risks will be substantially reduced under a low emission scenario, which is supposed to help motivate us to reduce our greenhouse gas emissions.  
>  
>The IPCC‚Äôs recent assessment reports (in 2014 and 2012) were reviewed for their assessment of the risk of rapid or abrupt climate change. The IPCC‚Äôs review of abrupt or rapid climate change was restricted to a special kind of rapid climate change event, referred to as Dansgaard-Oeschger events that occur in the depths of an ice age after the northern ice caps have formed.  
>  
>The IPCC‚Äôs climate risk assessment did not detail the civilization-destroying and population-culling rapid climate change events known to have occurred after the Holocene Climate Optimum. These included the 8.2, 5.9, and 4.2 kiloyear rapid climate change events, the Little Ice Age, and the numerous climate-forcing volcanic eruptions that took place during the Current Era, all of which are highlighted below.  
>  
>The IPCC‚Äôs dismissive assessment of Little Ice Age climate history and its associated volcanism means we have not had our ‚Äúupright attention‚Äù drawn to the catastrophic impact of climate change-induced cold, drought, and famine on the populations of China, Europe, Mesoamerica, etc. at that time. During these climate-related crises and catastrophes up to half the population in the affected areas died, and this happened on more than one occasion during the Little Ice Age (see below).  
>  
>This failure to review rapid climate change risks occurred despite numerous eminent solar scientists expert in climate change warning of a return to Little Ice Age-like conditions during this grand solar minimum.  
>  
>The IPCC cautioned the reader in concluding that social unrest, political instability, and warfare during the Little Ice Age could occur today based on historical precedent. This caution was justified by the IPCC because the precise causal pathways linking climate change to these societal changes in historical societies are not well understood (see the citation note on confirmation bias).  
>  
>Surprisingly, in the IPCC‚Äôs 2012 special report titled, ‚ÄúManaging the Risks of Extreme Events and Disasters to Advance Climate Change Adaptation,‚Äù we are informed the IPCC did not assess the existence of climate system tipping points, and the risks of abrupt and irreversible changes to the climate system. Two years later, in their fifth assessment report, they cited *a low confidence in the science that an abrupt or rapid climate change will occur during the 21st century*, effectively dismissing the possibility.  
>  
>One very important point to understand is that while the IPCC recognizes that volcanic activity can have a dramatic impact on the global climate (i.e., cooling), their climate forecasts do not include the occurrence of climateforcing volcanic eruptions. This is in spite of Rinjani and other climateforcing volcanism triggering and propagating glacier ice accumulation. (see Chapters 5 and 7).  
>  
>A key word search of the 2012‚Äì2014 IPCC assessment reports confirms that no risk assessment of climate-forcing volcanic eruptions or super volcanism was provided, or any review provided of their potentially devastating impact on the climate system and on global food security (Chapter 5 and below).  
>  
>The role of the sun (solar irradiance), sunspots, magnetized solar wind (i.e., solar flares, coronal mass ejections) and their connection with earth systems (Chapter 6), was dismissed, downplayed, or ignored by the IPCC‚Äôs assessment report (released in 2014). The term grand solar minimum (or minima) is mentioned only three times in the 1990‚Äì1992 and 2012‚Äì2014 assessment reports; it is referred to twice without description or explanation, and once in a citation.  
>  
>The purpose, therefore, of the remainder of this chapter is to draw your attention to the wealth of scientific literature relating to the solar activity, climate, and volcanic related-risks, all of which have been ignored, downplayed, or dismissed by the IPCC. Examine the cited science to see what is being overlooked.  


Link to Ice Age Re-Entry on Academia.edu:  
[https://www.academia.edu/45128196/Revolution\_RE\_Ice\_Age\_Re\_Entry](https://www.academia.edu/45128196/Revolution_RE_Ice_Age_Re_Entry)",34,13,1628390174.0
1ts9t2,climateskeptics,Every one calling BullShirt on THAT!,butch123,https://www.reddit.com/r/climateskeptics/comments/1ts9t2/every_one_calling_bullshirt_on_that/,[pnewells latest lies](http://www.reddit.com/r/science/comments/1tqvf9/looming_danger_of_abrupt_climate_change_us/),21,2,1388117842.0
132qqjn,climateskeptics,RFK Jr. Says ‚ÄòMega-Billionaires‚Äô Are Using Climate Change to Usher in ‚ÄòTotalitarian Controls‚Äô on Society ‚Äì Discern TV,Trump_Won4U,https://www.reddit.com/r/climateskeptics/comments/132qqjn/rfk_jr_says_megabillionaires_are_using_climate/,,213,126,1682768544.0
12lqbyg,climateskeptics,This was published by The Guardian today. Who in their right mind thinks climate change has anything whatsoever to do with saving the planet? I look forward to the trolls trying to defend this one. Link under comments.,Left_Insanity,https://i.redd.it/21m8qu1kdtta1.jpg,,101,225,1681462550.0
132quf3,climateskeptics,Many Climate Change Scientists Do Not Agree that Global Warming is Happening,LackmustestTester,https://www.ncbi.nlm.nih.gov/pmc/articles/PMC1112950/,,45,62,1682768922.0
12osvfc,climateskeptics,"The more you know, the less you worry about climate change",pr-mth-s,https://i.redd.it/a4xzru5vwbua1.png,,134,82,1681686867.0
12usqhv,climateskeptics,Climate Scepticism on the Rise Throughout the World | A recent poll conducted by a group within the University of Chicago found that belief in humans causing all or most climate change had slumped in America to 49% from the 60% level recorded just five years ago.,ExtHD,https://dailysceptic.org/2023/04/21/climate-scepticism-on-the-rise-throughout-the-world/,,69,68,1682133078.0
12xp0fo,climateskeptics,Solar Variability Linked To Climate Change‚Ä¶CO2 Not ‚ÄòThe Primary Driver For Nearly All Of Earth‚Äôs History‚Äô,LackmustestTester,https://notrickszone.com/2023/04/24/solar-variability-linked-to-climate-change-co2-not-the-primary-driver-for-nearly-all-of-earths-history/,,17,85,1682355322.0
131hmzf,climateskeptics,Dr Richard Lindzen exposes climate change as a politicised power play motivated by malice and profit,logicalprogressive,https://wattsupwiththat.com/2023/04/27/dr-richard-lindzen-exposes-climate-change-as-a-politicised-power-play-motivated-by-malice-and-profit/,,37,42,1682656560.0
12rp2zy,climateskeptics,"There‚Äôs no depopulation agenda behind climate change hoax. Of course not! Published and pushed to mobile phones yesterday, via Microsoft (Bill Gates)‚Ä¶",Left_Insanity,https://i.redd.it/13p5s8snmtua1.jpg,,82,47,1681901363.0
12o7pcs,climateskeptics,"The Indoctrinators, Part 4: David Attenborough. ‚ÄúThe High Priest of the quasi-religious climate change cult, Sir David Attenborough, is arguably the most effective propagandist of our age.‚Äù Link to a great read under comments.",Left_Insanity,https://i.redd.it/nk39ewz6v8ua1.jpg,,35,69,1681649977.0
12k3nm4,climateskeptics,The Conversation: ‚ÄúHow do you attribute extreme weather to climate change?‚Äù IPCC Scientist: ‚ÄúWe say it does and people believe it. Simples.‚Äù Report posted under comments.,Left_Insanity,https://i.redd.it/bd3x3at8fjta1.jpg,,66,64,1681341957.0
12k857v,climateskeptics,"Last year, the Babylon Bee (‚ÄúFake news you can trust‚Äù), published a report providing 10 irrefutable proofs confirming climate change is real. Read ‚Äòem and weep, climate deniers!",Left_Insanity,https://i.redd.it/jz9rurub8kta1.jpg,,46,55,1681351737.0
133zoy9,climateskeptics,"RFK Jr.: Billionaire Elites Using ""Climate Change"" to Usher In a New World Order",logicalprogressive,https://www.dailyfetched.com/rfk-jr-billionaire-elites-using-climate-change-to-usher-in-a-new-world-order/,,21,20,1682880404.0
12n5n5s,climateskeptics,Why does the climate change cult criticize us for eating cattle?,Manlygator,https://www.reddit.com/r/climateskeptics/comments/12n5n5s/why_does_the_climate_change_cult_criticize_us_for/,The climate change cult claims that cattle farts cause something like 20% of climate change. So shouldn‚Äôt they actually praise humans for killing and eating  a bunch of farting cattle? Dead cattle can‚Äôt fart.,11,79,1681570064.0
12j6pfn,climateskeptics,So climate change is causing financial instability in the US. Not fiscal policy...... Kk just checking ...üëç ü§° üåé,CrefloSilver999,https://i.redd.it/95hmqoi6meta1.jpg,,100,34,1681266312.0
11rfbi9,climateskeptics,"‚ÄúThere‚Äôs a concern that if it turns out that CO2 is not a major cause of climate change, NASA will have put the reputation of NASA, NASA‚Äôs current and former employees, and even the very reputation of science itself at risk of public ridicule and distrust.‚Äù",LackmustestTester,https://i.redd.it/ygcrk04clsna1.png,,146,172,1678837955.0
12a4ir3,climateskeptics,"A new paper written by William Happer and Richard Lindzen not only exposes climate change as being ‚Äúscientifically invalid‚Äù, it warns of the Malthusian agenda behind it: depopulation. Link posted under comments.",Left_Insanity,https://i.redd.it/zrvztuwtikra1.jpg,,105,61,1680483563.0
12l44cd,climateskeptics,Breaking: Biden addresses Irish Parliament and confirms climate change is a hoax. Video clip posted under comments.,Left_Insanity,https://i.redd.it/prbe1pqytpta1.jpg,,35,50,1681419526.0
12fm9d3,climateskeptics,Where Do They Find These People? Another Climate Change ‚ÄúStudy‚Äù......,greyfalcon333,https://torontosun.com/sports/baseball/mlb/home-runs-are-increasing-thanks-to-climate-change-study-says,,49,45,1680960847.0
12ovgpu,climateskeptics,I need 1 peer-reviewed scientific source saying climate change is either not real or a natural phenomenon. I can‚Äôt find a single one. Please help me find 1 source to cite.,Projectard,/r/climatechange/comments/12otu3o/i_need_1_peerreviewed_scientific_source_saying/,,7,50,1681692266.0
12ugmkj,climateskeptics,Dr Richard Lindzen exposes climate change as a politicised power play motivated by malice and profit,Zara-M,https://www.youtube.com/watch?v=DYWrehjaMFQ,,27,21,1682107776.0
12njrlj,climateskeptics,"Temperature Inversion: As Earth cools, official climate hyperbole increases: UN Human Rights Officer labels lack of action on climate change as the ‚Äúgrossest human rights violation‚Äù facing humanity today. Screams of desperation to me. Report under comments.",Left_Insanity,https://www.reddit.com/r/climateskeptics/comments/12njrlj/temperature_inversion_as_earth_cools_official/,[https://news.yahoo.com/cwa-panel-casts-climate-change-032200769.html](https://news.yahoo.com/cwa-panel-casts-climate-change-032200769.html),20,28,1681594935.0
11yxzo3,climateskeptics,"Upside down, Orwellian climate change madness in single headline. Make it make sense.",Left_Insanity,https://i.redd.it/366ovn1z2dpa1.jpg,,152,47,1679521807.0
12w2cp7,climateskeptics,"Wiki/website for debunking pro climate change claims and ""science""?",ReasonableFrog,https://www.reddit.com/r/climateskeptics/comments/12w2cp7/wikiwebsite_for_debunking_pro_climate_change/,"It's really hard to know what's what especially for a layman like me. Is there an organized website, wiki, a book even, that goes through all the claims they put forward in media and ""scientific studies"" for the purpose of debunking them in a scientific and objective but clear way? With numbers and perhaps graphs?

I have many friends who talk about climate a lot and I'm never able to give concrete and specific examples why they're wrong. So this would help tremendously for people like me who want to spread the truth but aren't educated on the matter.",5,26,1682241341.0
11nwivy,climateskeptics,"Reminider that ""climate change"" is codename for redistribution of wealth",retardddit,https://i.redd.it/xntnhjy6eyma1.png,,76,117,1678472292.0
11lh0zp,climateskeptics,People need critical thinking. The entire climate change hysteria is based on narratives and fake science. It‚Äôs like a religious indoctrination.,wakeup2019,https://i.redd.it/f995pvvedgma1.jpg,,124,88,1678236051.0
123ovhe,climateskeptics,Science journal editor: Agree with me on climate change or don't get published,Uncle00Buck,https://www.reddit.com/r/climateskeptics/comments/123ovhe/science_journal_editor_agree_with_me_on_climate/,https://www.washingtonexaminer.com/restoring-america/equality-not-elitism/science-journal-editor-agree-with-me-on-climate-change-or-dont-get-published,53,37,1679928102.0
132bwpt,climateskeptics,We Can Explain Everything With Climate Change | Hay Fever? Bumpy Fight? Home Runs? Infertility? There is Probably No Phenomenon in the World That Has Not at One Time or Another Been Linked to Climate Change,greyfalcon333,https://climatechangedispatch.com/the-top-five-propaganda-driven-climate-change-narratives-pushed-by-the-media/,,8,7,1682721257.0
12v1coo,climateskeptics,Earth Day: How to talk to your parents about climate change,Greenawayer,https://www.bbc.co.uk/news/science-environment-65339214,,2,31,1682157943.0
12nb2lu,climateskeptics,Is Climate Change Really Caused by Electronic Thermometers ?,Gnolam1,https://joannenova.com.au/2023/04/is-climate-change-really-caused-by-electronic-thermometers-the-bom-dont-want-australians-to-see-the-data/,,13,13,1681578008.0
12rk2uh,climateskeptics,Climate change rhetoric,stisa79,https://www.reddit.com/r/climateskeptics/comments/12rk2uh/climate_change_rhetoric/,">Climate services focus on users with specific needs for climate information, but most people learn about climate science findings from media coverage... Also, some media outlets have recently adopted and promoted terms and phrases stronger than the more neutral ‚Äòclimate change‚Äô and ‚Äòglobal warming‚Äô, including ‚Äòclimate crisis‚Äô, ‚Äòglobal heating‚Äô, and ‚Äòclimate emergency‚Äô (Zeldin-O‚ÄôNeill, 2019). Google searches on those terms, and on ‚Äòclimate action‚Äô, increased 20-fold in 2019, when large social movements such as School Strikes for Climate gained worldwide attention (Thackeray et al., 2020). We thus assess that specific characteristics of media coverage play a major role in climate understanding and perception (high confidence), including how IPCC assessments are received by the general public.

\-IPCC: The Physical Science Basis, 2021. Section 1.2.3.4 Media Coverage of Climate Change

&#x200B;

>This report is code red for humanity!!  
>  
>We are on a highway to climate hell!!

\-Antonio Guterres, UN General Secretary who has not read the IPCC report",8,11,1681887441.0
11jj2sz,climateskeptics,"Still think environmentalism and climate change isn‚Äôt part of a depopulation program orchestrated by globalist elites? Read this immoral, debased propaganda piece under comments aimed at university students.",Left_Insanity,https://i.redd.it/itwudc8ok0ma1.jpg,,38,95,1678062802.0
12dt8ya,climateskeptics,a bit of philosophy: climate change alarmist's concepts of Time maybe partly what drives them,pr-mth-s,https://www.reddit.com/r/climateskeptics/comments/12dt8ya/a_bit_of_philosophy_climate_change_alarmists/,"I base this first on that they don't care about past alarmist predictions (which they would not if Time was not passing) and second that in older periods of History concepts of Time were different, and different in different ways. Below I tentatively suggest a grouping of climate alarmists.

But first,  what they have in common. They all seem to want to have climate never change (even though it always has). If it is a Timelessness they want to satisfy then if climate never changes, a 'permanant now' culture  would be much more possible. 

Now for what might be different 

- super-rich alarmists  are like ancient Athenians at that empire's height. All of the famous ones 2500 years ago or so  owned slaves and did not value labor, For them the 'Platonic Ideals' descended (as it were) from above - permanent and Timeless. today  Soros, Gates, and the other billionaire alarmists  also seem to not value labor and perhaps for them the atmospheric gases and the weather are what is above as heavenly C02 PPM Ideals. ... Additionally, if Time stops they can imagine themselves immortal.

-  the Green voters seem to want Timelessness - but for a different reason. They do [correctly] value labor, especially their own labor has value is essential to them [right on to that]. They clearly are not neo-Athenians - rather act more medieval ... All European medievals lived in a permanent now, seasons were what mattered to them (not calendar years). The paintings from the period had a sense of Phantom Time. For example they considered the Romans to just as well have happened a few years before. ... Similarly the Greens today feel slavery in the USA  just as well have been a few decades ago (and the civil rights of the 1960 to just as well have been a few years ago). They are oppressed just as they always have been. Their labor is dignified and immortal. .. however if climate changes that's a marker for time passing and life feels more meaningless.

Maybe this is wrong. Maybe I will think about it more",3,35,1680805711.0
134bahn,climateskeptics,Climate change: Do you see more people moving to the North in the future?,reddittiswierd,/r/southcarolina/comments/1340d5t/climate_change_do_you_see_more_people_moving_to/,,3,8,1682911276.0
134yx9u,climateskeptics,Top 10 climate change myths,Theguywhostoleyour,https://youtu.be/FBF6F4Bi6Sg,Here is a video that addresses pretty much every myth I have seen in the posts here.,0,9,1682969662.0
12adlyz,climateskeptics,"""Temperature changes lead greenhouse gas changes by hundreds of years and thus greenhouse gases are powerful amplifiers of climate change"" ü§™",_Angstrom_,https://i.redd.it/7hapuxyrnmra1.png,,17,19,1680509538.0
11f53ec,climateskeptics,Wuhan lab leak and climate change reporting,Lyrebird_korea,https://www.reddit.com/r/climateskeptics/comments/11f53ec/wuhan_lab_leak_and_climate_change_reporting/,"Journalists called the Wuhan lab leak theory a conspiracy. They ridiculed anybody who pointed at the logic of such a leak in a city that has a lab working on this topic, and referred to scientists who concluded that the virus had a natural origin.

DOE and the FBI have concluded something different, and attribute COVID-19 to a leak at the Wuhan lab.

The same suspects (scientists and journalists) have been promoting the disastrous effects of a 130 PPM rise of CO2 on our planet. 

A true skeptic: correlation ~= causation. 

But how much credibility have the legacy media and government sponsored researchers lost by not doing their job with regards to the Wuhan lab leak?",28,105,1677680744.0
12s4aw1,climateskeptics,"""The 'ninjas' fighting climate change denial on Twitter"" masked in photo",pr-mth-s,https://www.bbc.com/news/blogs-trending-65114966,,7,9,1681926419.0
11vx6af,climateskeptics,Try to Find Climate Change in the Real World,logicalprogressive,https://climaterealism.com/wp-content/uploads/2023/03/Global-Temperature-Trend-compare-image2-696x392.webp,,28,30,1679258803.0
12s65hg,climateskeptics,"No, Washington Post, Tax Season is Not Getting Longer Due to ‚ÄòClimate Change‚Äô",LackmustestTester,https://climaterealism.com/2023/04/no-washington-post-tax-season-is-not-getting-longer-due-to-climate-change/,,15,5,1681930148.0
11z6qdj,climateskeptics,What Is a Climate Change Denier?,logicalprogressive,https://i.imgflip.com/3gs5u3.jpg,,123,12,1679540761.0
12p0ait,climateskeptics,"When it comes to climate change propaganda, the BBC is a gold medalist, sharing that award with The Guardian. Being especially evil, they‚Äôve set their sights on children. Check out their new, short video (psyop) posted under comments.",Left_Insanity,https://i.redd.it/bnvehfjt5dua1.jpg,,16,6,1681702139.0
120rwyw,climateskeptics,Media Regurgitates IPCC‚Äôs ‚ÄòFinal Warning‚Äô on Climate Change ‚Äì Without Realizing We‚Äôve Already Passed 1.5¬∞C,LackmustestTester,https://climaterealism.com/2023/03/media-regurgitates-ipccs-final-warning-on-climate-change-without-realizing-weve-already-passed-1-5c/,,19,25,1679679766.0
11m0o32,climateskeptics,America's 100 billion dollar bust on climate change. https://www.nysun.com/article/americas-100-billion-climate-change-flop,Uncle00Buck,https://www.reddit.com/r/climateskeptics/comments/11m0o32/americas_100_billion_dollar_bust_on_climate/,https://www.nysun.com/article/americas-100-billion-climate-change-flop,30,58,1678292665.0
11i2uwq,climateskeptics,Climate Change for Dummies,StedeBonnet1,https://www.reddit.com/r/climateskeptics/comments/11i2uwq/climate_change_for_dummies/,"  

All of us are ignorant about most things. The universe is boundless, while our brains and our time on Earth are extremely limited.

That is why Socrates famously was quoted as asserting that he was ‚Äúwise, as he knew that he knew nothing‚Äù.

Most men assume they are wise because they know things, while true wisdom is recognizing the limits of one‚Äôs understanding.

Of course, as beings who must live in the world and make decisions, we are required to make considered judgments about the way things are, so the wisdom of the active person is to act based upon evidence and beliefs based on that evidence, and then adapt to circumstances.

That‚Äôs a long way of saying that it drives me bananas when I have a conversation with people who are Absolutely Certain they know things about which they could not possibly be certain. Worse, it is infuriating to get lectured by people who have no idea at all about the subject they are passionately lecturing about.

Which brings us to, among other things, the climate change absolutists. As a scientist, I am perfectly willing to examine the evidence, listen to theories, explore what is known, what is deduced, what is supposed, and what we are only guessing at, and consider competing arguments. Yes, I am a medical doctor, but I also hold a bachelor of science in biochemistry, molecular biology, and genetics. I‚Äôm a scientist. I like data.

Despite that, although by no means am I what the fanatics would call a ‚Äúdenier.‚Äù, I am reflexively given that pejorative by people like adolescent Swedish demagogues and US Congressmen with associate‚Äôs degrees in communications with a minor in African art history.

Rather, I am a skeptic of what I have been told: of the data, (the volume and longevity of which are confounders) of the reliability of the models, (which exclude certain variables, like the sun, which are heavy influencers of climate), and also of the scale of whatever problems may arise from anthropomorphic activity. But I don‚Äôt scoff, because, as a scientist, I think the data is inadequate. I know that I don‚Äôt know enough to be certain of anything.

I keep ‚Äúfollowing the science‚Äù, as the phrase has been coined. But unlike the people who so commonly bandy about that phrase, I actually do follow science, which I understand. Its power AND its limitation. Eventually, our available science will get good enough to make decent predictions, I hope. We aren‚Äôt there yet, however.

One of the reasons I am quite frustrated by all the furor over climate is because of how droolingly ignorant almost everybody panicking about the the changes in Earth‚Äôs climate at geological timescales are. We keep hearing about temperature trends over decades, and occasionally centuries, but almost nobody talks about the actual timescale at which climate change takes place. We only have reliable climate ‚Äúdata‚Äù, such as it is, for the last few thousand years, of which there is only detailed data for the last hundred or so. And even that is extrapolated from a limited number of strategically placed monitoring devices worldwide, or non-scientifically recorded anecdotal analog data by scientists before there were such things as computers or fields of data analysis.

Everybody is freaking out about a degree or two in temperature, and very small increases in sea level.

It‚Äôs a joke, and there is a term for this in the realm of statistics: ‚Äústatistically insignificant‚Äù

Sorry, it is. We have no idea what the significance is of changes in 10,000 year old ice core samples from Antarctica in a planet 4.6 billion years old. Is this aberrant? Part of a normal cycle? Related to solar activity? We have no idea, and scientists who claim they do are simply lying to you; presumably for either ego or political demagoguery purposes. Only a few thousand years ago the sea level was about 400 FEET lower than today, much of North America was buried under a mile or more of ice, and human beings were crossing land bridges to settle new continents.

We were at a glacial maximum not that many generations ago, according to existing data. As things warmed up things changed dramatically, and generally for the better if you are‚Ä¶well‚Ä¶‚Ä¶.alive. It turns out that most living things don‚Äôt like things like being buried under glaciers. Who knew?

We are not talking about millions of years ago. This isn‚Äôt plate tectonics. Human beings watched the floods that opened up the English Channel and the connection of the Mediterranean to the Atlantic Ocean. Human beings walked to North America on a land bridge from Asia. The map of the Earth we see today has been vastly different within the lifespan of the human race.

Human eyes, in North America, saw glaciers that were miles high and temperatures that were wildly colder than today. So don‚Äôt whine about human extinction from a small increase in sea levels, melting ice, or a degree and a half of temperature increase. Stop the insanity and histrionics, please.

It is palpably absurd.

All this is to say that it‚Äôs increasingly annoying to have a conversation with somebody about Earth‚Äôs climate when they haven‚Äôt got a clue about the Earth‚Äôs climate history. It would be like a religion, if they believed in religion. It‚Äôs peculiar that the same people always seem to come down on the same side of both of those issues.

Now, the theory that increases in CO2 in the atmosphere would lead to increased global temperatures is based on physics and hence is hardly implausible. I don‚Äôt dispute the physics, although no model in today‚Äôs computers is sophisticated enough to actually make any predictions. The climate is ridiculously complex, and we simply don‚Äôt understand or even measure all the important variables.

But I am willing to listen. Eager to listen. Interested in the theories. But those theories are as well developed as our theories of what happens when two black holes collide‚Äìwe have nice, very simple stories that get some of the broad strokes, but hardly a comprehensive understanding. This is why we keep hearing about new discoveries, and theories and invest billions in new space telescopes, but also why we should tread carefully in basing massive generational policies, the impact of which we have only begin to appreciate, on such limited understanding.

The belief that modest increases in atmospheric temperatures will lead to a global disaster and mass extinction is based upon voodoo and nothing more. We are currently in what is likely to be a short interglacial period (we are technically still in an Ice Age), and the current global temperature is still lower than it was in the last interglacial period. This is not new science.

Global temperatures today, in other words, are below average compared to most of the time life has existed on Earth. The Earth is not burning, but still shivering.

Unless there was a great mass extinction 140,000 years ago‚Äìand there wasn‚Äôt‚Äìthe likelihood that reaching the same global temperatures as happened then or 340,000 years ago seems like not much to worry about. Last I checked, human beings walked the Earth 140,000 years ago, and our hominid ancestors did 340,000 years ago.

These are long time periods by human standards, but they are a blink of an eye in geologic terms, or in the history of life on Earth. The available data simply DOES NOT GO FAR ENOUGH BACK to make reliable models or predictions. Certainly not with the confidence interval upon which to base massive and devastating economic and societal upheaval by enacting shortsighted and overweening governmental public policies.

So how am I supposed to listen to and take seriously anybody who breaks down in tears fearing a degree or two in temperature increase? How seriously should I take policymakers that predict the end of life on earth in eight years when even the most die-hard cynical apocalyptic climate model makes no such prediction, not even close, in the next hundred years? These people, frankly, clearly have no idea of what they speak. Climate fanatics are insufferable; mostly because they talk so much and know so little.

I once, in the not too recent past, had a conversation with a very smart colleague who was leaving medicine to run a nonprofit that pushed for renewable energy. He lectured me for almost an hour about the melting of the Arctic and how it would raise sea levels. After listening politely, I pointed at the glass of water in which the ice had melted.

The level at which it was filled hadn‚Äôt changed. Because no water was added to the glass as the ice melted. Try it. Floating ice has the same mass as meltwater and adds nothing to sea levels as it melts. The melting of the Arctic sea ice is, literally, irrelevant to sea levels.

Obviously, if a glacier melts and flows from the land to the ocean that adds to the total volume, but this man lecturing me‚Äìwho actually advised the legislature on energy policy and climate change‚Äìhad no idea that the Arctic ice is floating and, frozen or liquid, would add nothing to sea levels. Y‚Äôknow‚Ä¶..because physics.

Needless to say, our conversation ended there. Neither of us had changed the others‚Äô mind, of course. But at least I temporarily humiliated him, and perhaps prompted him to think critically, so it was a good day.

We are lectured to worry about climate change and devastating losses in biodiversity. So I invite people to visit my state of Ohio, which was buried under a glacier not so long ago, and then visit the equatorial rain forests.

Then come back to me and explain how I should be concerned that Ohio‚Äôs biodiversity would decrease because of increased temperatures. I‚Äôll wait.

Because‚Ä¶wait for it‚Ä¶..most biodiversity occurs where it is warmer. Which is easy to explain‚Äîeverything about life is about energy, from the mitochondria and cell to complex ecosystems. Energy not spent on keeping yourself warm is energy you have to spend elsewhere: pursuing food, bolstering your immune system to fight disease, learning new skills, reproducing.

I freely admit that I am ignorant of what changes the environment will see with a degree or two of increased temperature, and also admit the possibility that human activity might contribute to such an increase.

And I will do so right after climate fanatics admit that reduced fossil fuel use would lead to the starvation and death of billions of human beings right here, right now. In addition to completely abstaining from fossil fuels or any product of them. Because without fossil fuels human beings would not only be infinitely poorer, but most of us would be dead. Frozen, starving, or dead of disease, or of any number of other horrors.

In short, anybody who ignorantly but confidently yells ‚Äúthe Science!!‚Ñ¢‚Äù while knowing almost nothing about the actual science, studies, or models is not only insufferable, but childish. An Ohioan, living in a spot that was recently buried under a mile of ice, worrying about global warming is a dunce. I invite him or her to spend a year without gas or electricity.

That would last a day or two in our climate. There is a reason why the upper Midwest was still being settled after most of the continent was filling up.

Look at the population of Canada, please. It‚Äôs a huge country, yet everybody is clustered at the US border, and ‚Äúeverybody‚Äù is comparatively almost nobody because it is too cold to live there.

The population of the Northwest Territories in Canada‚Äìa HUGE chunk of land? 45,000 people.

You could dump much of Europe in it. And nobody lives there. Because it is too cold.

I am not opposed to being good stewards of the environment or seeking out renewable sources of energy. But neither am I interested in turning civilization on its head to do so, based on the thinnest veneer of so-called ‚Äúscience‚Äù, all the while denying that there are potentially hidden (or not so hidden) unintended consequences of doing so. Take electric cars. You know what there is several hundred pounds of in electric cars? Nickel. Ever been to a nickle mine, where they mine nickel sulfate? There‚Äôs nickel ore everywhere. Know what that becomes when it rains? Nickel sulfITE plus‚Ä¶.. yes‚Ä¶.you guessed it‚Ä¶‚Ä¶.sulfuric acid. Go to a nickel mine. It looks like the surface of the moon.

But yeah, sure glad my Prius is saving the planet.

If the climate movement wishes to be taken seriously, then perhaps they should stop conducting themselves in a manner that is manifestly unserious. If you turn an autistic high school dropout into a heroic symbol of your movement, you are about as serious as a toddler pretending to be Spiderman.",30,62,1677945536.0
11n7dzy,climateskeptics,The #1 source of electricity in Germany last year was: COAL üòÇ Coal accounted for 35% of electricity generation! Wind was 25% and solar was 11%. All the virtue-signaling about climate change goes out the window when you are busy trying to start WW3,wakeup2019,https://i.redd.it/2vlmz2cu8uma1.jpg,,64,30,1678404011.0
11m7a1a,climateskeptics,Hillary Clinton: Ukraine conflict shows climate change primarily affects women,No_Chemists,https://www.msn.com/en-us/news/opinion/hillary-clinton-ukraine-conflict-shows-climate-change-primarily-affects-women/ar-AA18n4Jz,,49,33,1678307539.0
11u58ja,climateskeptics,Claim: A Majority of Voters believe Climate Change is a False Religion,logicalprogressive,https://wattsupwiththat.com/2023/03/15/claim-a-majority-of-voters-believe-climate-change-is-a-false-religion/,,47,20,1679090403.0
11m2y04,climateskeptics,Climate change theory is a really bad joke.,EagleStreet1451,https://www.reddit.com/r/climateskeptics/comments/11m2y04/climate_change_theory_is_a_really_bad_joke/,"Climate change advocates are the worst people ever.  You notice how they just keep raising the bar when their doomsday predictions don‚Äôt materialize and when they so gleefully show up in full force after there any kind of extreme weather event, which have been happening since the dawn of mankind?   They base their lives on the misery of others.  Don‚Äôt listen to them.",26,43,1678297793.0
12vbx7k,climateskeptics,Loony Science: German Mainstream Media Blame Riots At Public Pools On Climate Change,LackmustestTester,https://notrickszone.com/2023/04/22/loony-science-german-mainstream-media-blame-riots-at-berlin-public-pools-on-climate-change/,,13,3,1682182339.0
128uq8n,climateskeptics,"A Man in Ladysmith, B.C. Has Become So Fearful That Climate Change Is Going to Kill Him That He Has Gone to a Doctor Seeking Medically-assisted Suicide",greyfalcon333,https://www.indiatoday.in/technology/news/story/death-ai-man-kills-self-chatting-chatgpt-like-chai-chatbot-climate-change-2353975-2023-03-31,,26,10,1680374264.0
129kqff,climateskeptics,Do climate skeptics believe GHG isn't the cause of natural disaster or that climate change is just some agenda,lethanhson680,https://www.reddit.com/r/climateskeptics/comments/129kqff/do_climate_skeptics_believe_ghg_isnt_the_cause_of/,,0,49,1680440731.0
3tbmjl,climateskeptics,Slowing down of North Pacific climate variability and its implications for abrupt ecosystem change,Seele,http://www.pnas.org/content/112/37/11496.abstract,,5,0,1447870231.0
11qvlzx,climateskeptics,Biden Administration say‚Äôs U.S. can ‚Äúlearn‚Äù from China on Climate Change,logicalprogressive,https://wattsupwiththat.com/2023/03/13/bidens-secretary-of-energy-says-u-s-can-learn-from-china-on-climate-change/,,34,22,1678765308.0
12ro419,climateskeptics,Climate change: multi-country media analysis shows scepticism of the basic science is dying out,Zomaarwat,https://theconversation.com/climate-change-multi-country-media-analysis-shows-scepticism-of-the-basic-science-is-dying-out-198303,,3,6,1681898856.0
129wjfa,climateskeptics,Ten photographs that made the world wake up to climate change | CNN,SftwEngr,https://www.cnn.com/2023/03/29/world/climate-change-photography-paul-nicklen-cristina-mittermeier-c2e-spc-intl-scn-climate/index.html,,7,14,1680466178.0
12nrv3h,climateskeptics,Greenpeace's Ex-President - Is Climate Change Fake? - Patrick Moore | Modern Wisdom Podcast 373,Additional_Common_15,https://youtu.be/E5K5i5Wv7jQ,,21,3,1681612240.0
12b05l2,climateskeptics,What are some of the specific ways that climate change has impacted your daily life and wellbeing?,pimpdaddydelaney,https://www.reddit.com/r/climateskeptics/comments/12b05l2/what_are_some_of_the_specific_ways_that_climate/,"For me, I feel a lot of anxiety and hopelessness. I feel as I have no power to make a positive change even in the slightest.",0,34,1680560743.0
11ke6j8,climateskeptics,"Looking for scientific data, graphs and papers that disprove climate change.",Accomplished-Drawer4,https://www.reddit.com/r/climateskeptics/comments/11ke6j8/looking_for_scientific_data_graphs_and_papers/,"Hello everyone!

As the title says, I‚Äôm looking for your best resources on information that disproves climate change. Provide me with links to your most convincing research. 

I will compile the data into a more readable format so that it is accessible to the average person.

Hopefully you have a bunch of good links saved somewhere on your hard drive, thank you!",6,90,1678137146.0
120pqj6,climateskeptics,You know climate change has reached a whole new level of crazy when Thunberg receives an honorary doctorate degree in theology for her climate activism ‚Äî ‚ÄúI guess that means they are finally admitting that climate change is truly a religion. And it is. Just like Jonestown‚Äù,greyfalcon333,https://climatechangedispatch.com/fncs-greg-gutfeld-rips-hypocritical-climate-fearmongers/,,30,11,1679675876.0
11uvsya,climateskeptics,"Wrong, PBS and AP, Climate Change Isn‚Äôt Worsening Floods or Droughts",LackmustestTester,https://climaterealism.com/2023/03/wrong-pbs-and-ap-climate-change-isnt-worsening-floods-or-droughts/,,47,13,1679163786.0
10pzc5z,climateskeptics,"James Hansen, ‚Äúwarming expert‚Äù, 2006: ‚ÄúWe have a very brief window of opportunity to deal with climate change‚Ä¶no longer than a decade, at the most.‚Äù Lol. MSNBC news report posted under comments.",Left_Insanity,https://i.redd.it/3yzatu57udfa1.jpg,,26,218,1675172489.0
11w0gwh,climateskeptics,"Get Ready to Stink for Climate Change, Thanks to Biden‚Äôs New Washing Machine Rules",logicalprogressive,https://pjmedia.com/news-and-politics/robert-spencer/2023/03/13/get-ready-to-stink-for-climate-change-thanks-to-bidens-new-washing-machine-rules-n1677874,,16,20,1679266392.0
129mmgm,climateskeptics,Reminder: CNN Technical Director from two years ago talking about climate change: ‚ÄúIt‚Äôll be a (Covid) pandemic-like story that we‚Äôll beat to death.‚Äù The control of global MSM is the hands of globalist elites who use it as a psyop and propaganda tool. Video link posted under comments.,Left_Insanity,https://i.redd.it/dn9r2wnqbhra1.jpg,,38,5,1680445142.0
119yun6,climateskeptics,When I Covered Climate Change for Reuters I Thought CO2 Was to Blame for Rising Temperatures. I Was Wrong ‚Äì The Daily Sceptic,DevilsTurkeyBaster,https://dailysceptic.org/2023/02/23/when-i-covered-climate-change-for-reuters-i-thought-co2-was-to-blame-for-rising-temperatures-i-was-wrong/,,20,65,1677162015.0
11gjphb,climateskeptics,James Shaw is the co-leader of the NZ Greens Party and the 'Minister of Climate Change' in the NZ Government. Let loose your mockery and ridicule of him under comments.,Left_Insanity,https://i.redd.it/nzq95v8wrela1.jpg,,8,67,1677798892.0
1237tzw,climateskeptics,"Barry ‚ÄúThe science is settled‚Äù Obama, arrives into Sydney for a lucrative speaking tour aboard his private jet. Just another nauseous climate change hypocrite.",Left_Insanity,https://i.redd.it/ku8s9vzrw6qa1.jpg,,52,6,1679882933.0
11czuun,climateskeptics,Questions from someone who cares about the environment but has many issues with the climate change narrative,Additional-Ad4887,https://www.reddit.com/r/climateskeptics/comments/11czuun/questions_from_someone_who_cares_about_the/,"Okay so in the interest of transparency I'm going to school for an environmental related degree. I care deeply about the environment and how humans can live with and not apart from the non-human created parts of our world.  Im having a lot of issues with many of the narratives pushed by environmentalists and those I'd consider to be green energy pushers. I've come to this sub-reddit to ask some questions because it seems to be a place where concerns and ideas about the climate change narrative are shared. 

Here are my questions:

Word association: Climate Change

¬†
¬†
¬†
Why did you pick that word/those words?

¬†
¬†
¬†
What is your understanding of the concept/topic of Climate Change?

¬†
¬†
¬†
Does Global Warming mean anything different to you than Climate Change?

¬†
¬†
¬†
What are your issues/concerns when people and politicians talk about climate change?

¬†
¬†
¬†
Earth historically has gone through hot and cold periods (on a geological time scale); we‚Äôre currently coming into a warm period.¬† Do you think humans are having an impact on this warming period?

¬†
¬†

If you think the earth is warming, what can we as humans do to slow/stop that process, or do we just let it rock and see what happens? Should we even do anything?

¬†
¬†

What is it about certain scientist that make you trust them over others on the topic of climate change? (Hard to know who to trust when a lot of research is funded by industries in fossil fuel/green energy looking for findings that help their bottom line)

¬†
¬†
¬†
Questions you‚Äôd like to ask me?



Thank you to anyone who responds! I'm just a guy trying to make sense of the world around me, and looking for some perspectives outside of of my bubble here at school.",12,67,1677463652.0
11zy0mv,climateskeptics,Climate change isn‚Äôt ‚Äòparticularly dangerous‚Äô: Richard Lindzen,logicalprogressive,https://wattsupwiththat.com/2023/03/23/climate-change-isnt-particularly-dangerous-richard-lindzen/,,22,10,1679606825.0
11q36gb,climateskeptics,"""US Regulators Bail Out Silicon Valley Bank Customers."" Correction: US Tax Payers Bail Out Climate Change Tech Scammers.",Left_Insanity,https://www.reddit.com/r/climateskeptics/comments/11q36gb/us_regulators_bail_out_silicon_valley_bank/,[https://www.businessinsider.com/us-government-bails-out-silicon-valley-bank-depositors-fdic-2023-3?op=1](https://www.businessinsider.com/us-government-bails-out-silicon-valley-bank-depositors-fdic-2023-3?op=1),57,11,1678692753.0
12btnsb,climateskeptics,Burning Mass Graves: The Latest Climate Change Slogan? Here's 34 More! (Link to those in comments),R5Cats,https://inkforall.com/wp-content/uploads/2022/12/bd4eab57-e9e0-eb65-ca70-2d3d63250881.jpeg,,23,4,1680636511.0
128mhbl,climateskeptics,"China is actively undermining America‚Äôs economic and national security by funneling billions of dollars into elite universitiesto stoke the fraud of human-caused climate change, one of the Chinese Communist Party‚Äôs chief weapons against the United States of America",greyfalcon333,https://climatechangedispatch.com/how-chinas-communist-party-is-stoking-climate-alarmism-at-elite-colleges/,,20,5,1680355727.0
10ylpyg,climateskeptics,Published by corrupt globalist media outlet üó∏ ‚ÄúClimate change‚Äù in headline üó∏ Appeal to authority üó∏ Scary-looking imagery üó∏ Predictive programming üó∏,Left_Insanity,https://i.redd.it/13szrgtbtbha1.jpg,,41,72,1676019660.0
126wnmy,climateskeptics,Biden's Latest Lunacy: Climate Change A Bigger Threat Than Nuclear War,greyfalcon333,https://climatechangedispatch.com/fossil-fuels-dominate-security-defense-needs/,,21,5,1680204223.0
11bsrch,climateskeptics,"Snow in southern California, must be climate change. Hot - it's global warming! Cold - it's climate change. No matter what the weather is, for the true believers it is always bad and always our fault.",Runner_one,https://www.youtube.com/watch?v=rJi3_sMZ338,,53,24,1677351788.0
adw96p,climateskeptics,World Bank‚Äôs Kim Abruptly Resigns Amid Differences With Trump Over Climate Change,bugsbunny4pres,https://climatechangedispatch.com/world-banks-kim-abruptly-resigns-amid-differences-with-trump-over-climate-change/,,8,2,1546966731.0
126qj8w,climateskeptics,Lessons from a Country on the Front Line of Climate Change,VoltaicSketchyTeapot,https://www.reddit.com/r/climateskeptics/comments/126qj8w/lessons_from_a_country_on_the_front_line_of/,"https://open.spotify.com/episode/021h8TsdVSLLmTGmUP6j3d?si=qCNfMUI6QJu9i1SJsF1zgQ

It doesn't matter whether or not you think climate change is manmade or natural, the climate is changing and we have to plan for the future if we want to continue having life as we know it.",0,22,1680190568.0
11x7gbu,climateskeptics,"We Have Five Years To Save Ourselves From Climate Change, Harvard Scientist Says",SftwEngr,https://www.forbes.com/sites/jeffmcmahon/2018/01/15/carbon-pollution-has-shoved-the-climate-backward-at-least-12-million-years-harvard-scientist-says/?sh=5ebf9375963e,,16,11,1679375206.0
10w86cn,climateskeptics,Bill Gates on why he'll carry on using private jets and campaigning on climate change,F4robo,https://www.cnbc.com/2023/02/07/private-jet-use-and-climate-campaigning-not-hypocritical-bill-gates-.html,,51,53,1675792256.0
11xv7ka,climateskeptics,Climate change: Can we really take CO2 back out the air?,Dear_Jump_21,https://www.bbc.com/future/article/20230321-ipcc-the-rising-need-for-negative-emissions,,9,11,1679434012.0
12ioepa,climateskeptics,"Salon, Axios, and the Washington Post among others ran lying articles suggesting climate change is expanding the length of tornado season",pr-mth-s,https://www.americanthinker.com/articles/2023/04/tornadoes_climate_change_and_the_media.html,,13,2,1681228857.0
1161syh,climateskeptics,George Soros Pushes Plan to Fight 'Climate Change' by Blocking the Sun,logicalprogressive,https://slaynews.com/news/george-soros-pushes-plan-fight-climate-change-blocking-sunlight/,,11,48,1676781941.0
10zgycx,climateskeptics,"Track the ‚Äúcarbon footprint‚Äù of every person ‚Äî what they buy, how much they drive/travel etc. This is the dystopian future of the climate change hoax agenda. Video from WEF.",wakeup2019,https://v.redd.it/4e554stljkha1,,39,36,1676107322.0
cyzlqq,climateskeptics,Hurricane Dorian Abruptly Changes Course and That Isn't Great News For the Climate Change Zealots,propshaft,https://www.redstate.com/streiff/2019/09/02/hurricane-dorian-abruptly-changes-course-isnt-great-news-climate-change-zealots/,,0,2,1567482214.0
1220u0d,climateskeptics,Last chance: Forget about carbon footprints. Get on a jet plane and travel the world before climate change destroys it all in 5 years.,logicalprogressive,https://www.thetimes.co.uk/article/last-chance-travel-the-places-youll-no-longer-be-able-to-visit-in-five-years-time-r76km5qg6,,25,4,1679781834.0
120qk1m,climateskeptics,We procrastinate on climate change at our own peril,SftwEngr,https://www.seattletimes.com/opinion/we-procrastinate-on-climate-change-at-our-own-peril/,,0,19,1679677329.0
10js5ub,climateskeptics,Climate Change Apologists: Explain USCRN,PracticeOwn6412,https://i.redd.it/l3iha89mexda1.jpg,These are weather stations set up in the United States to measure climate with fewer biases than the urban weather stations. These have been recording for about 18 years now. And there is no warming. So what's going on here? Did global warming stop right as these stations were installed?,15,143,1674519640.0
129rmc0,climateskeptics,This pearl cannot pass unseen. AOC Supporter Suggest 'Eating Babies' to Fight Climate Change,Compendyum,https://www.snopes.com/fact-check/babies-climate-change-aoc/,,7,4,1680455950.0
100jzyb,climateskeptics,Sophia Kianni is the new advisor to the United Nations heading the Youth Advisory Group on Climate Change. Here‚Äôs her first tweet for 2023. Just imagine the level of IQ she‚Äôs pitching to.,Left_Insanity,https://i.redd.it/s0k6b3xfrf9a1.jpg,,23,266,1672580679.0
